itemid,clock,num,value_min,value_avg,value_max
23840,1519779600,60,0.0125,0.0125,0.0125
23840,1519783200,60,0.0125,0.0126,0.0150
23840,1519786800,60,0.0125,0.0128,0.0175
23840,1519790400,60,0.0125,0.0128,0.0175
23840,1519794000,60,0.0125,0.0125,0.0150
23840,1519797600,60,0.0125,0.0125,0.0125
23840,1519801200,60,0.0125,0.0127,0.0175
23840,1519804800,60,0.0125,0.0125,0.0150
23840,1519808400,60,0.0125,0.0125,0.0125
23840,1519812000,60,0.0125,0.0125,0.0150
23840,1519815600,60,0.0125,0.0127,0.0150
23840,1519819200,60,0.0125,0.0125,0.0125
23840,1519822800,60,0.0125,0.0126,0.0150
23840,1519826400,60,0.0125,0.0125,0.0150
23840,1519830000,60,0.0125,0.0125,0.0150
23840,1519833600,60,0.0125,0.0125,0.0150
23840,1519837200,60,0.0125,0.0125,0.0150
23840,1519840800,60,0.0125,0.0125,0.0150
23840,1519844400,60,0.0125,0.0126,0.0150
23840,1519848000,60,0.0125,0.0125,0.0150
23840,1519851600,60,0.0125,0.0125,0.0150
23840,1519855200,60,0.0125,0.0126,0.0150
23840,1519858800,60,0.0125,0.0126,0.0150
23840,1519862400,60,0.0125,0.0126,0.0150
23840,1519866000,60,0.0125,0.0125,0.0125
23840,1519869600,60,0.0125,0.0128,0.0175
23840,1519873200,60,0.0125,0.0126,0.0150
23840,1519876800,60,0.0125,0.0125,0.0150
23840,1519880400,60,0.0125,0.0128,0.0150
23840,1519884000,60,0.0125,0.0125,0.0125
23840,1519887600,60,0.0125,0.0125,0.0125
23840,1519891200,60,0.0125,0.0125,0.0150
23840,1519894800,60,0.0125,0.0127,0.0150
23840,1519898400,60,0.0125,0.0125,0.0150
23840,1519902000,60,0.0125,0.0125,0.0125
23840,1519905600,60,0.0125,0.0126,0.0150
23840,1519909200,60,0.0125,0.0125,0.0150
23840,1519912800,60,0.0125,0.0125,0.0150
23840,1519916400,60,0.0125,0.0125,0.0125
23840,1519920000,60,0.0125,0.0127,0.0150
23840,1519923600,60,0.0125,0.0125,0.0150
23840,1519927200,60,0.0125,0.0125,0.0125
23840,1519930800,60,0.0125,0.0126,0.0150
23840,1519934400,60,0.0125,0.0127,0.0150
23840,1519938000,60,0.0125,0.0125,0.0125
23840,1519941600,60,0.0125,0.0127,0.0150
23840,1519945200,60,0.0125,0.0125,0.0125
23840,1519948800,60,0.0125,0.0125,0.0125
23840,1519952400,60,0.0125,0.0125,0.0125
23840,1519956000,60,0.0125,0.0125,0.0125
23840,1519959600,60,0.0125,0.0125,0.0125
23840,1519963200,60,0.0125,0.0125,0.0125
23840,1519966800,60,0.0125,0.0125,0.0150
23840,1519970400,60,0.0125,0.0126,0.0150
23840,1519974000,60,0.0125,0.0126,0.0150
23840,1519977600,60,0.0125,0.0125,0.0125
23840,1519981200,60,0.0125,0.0125,0.0125
23840,1519984800,60,0.0125,0.0125,0.0150
23840,1519988400,60,0.0125,0.0125,0.0125
23840,1519992000,60,0.0125,0.0125,0.0125
23840,1519995600,60,0.0125,0.0126,0.0150
23840,1519999200,60,0.0125,0.0125,0.0150
23840,1520002800,60,0.0125,0.0125,0.0125
23840,1520006400,60,0.0125,0.0128,0.0175
23840,1520010000,60,0.0125,0.0125,0.0125
23840,1520013600,60,0.0125,0.0125,0.0125
23840,1520017200,60,0.0125,0.0127,0.0150
23840,1520020800,60,0.0125,0.0128,0.0175
23840,1520024400,60,0.0125,0.0125,0.0150
23840,1520028000,60,0.0125,0.0125,0.0125
23840,1520031600,60,0.0125,0.0125,0.0125
23840,1520035200,60,0.0125,0.0125,0.0150
23840,1520038800,60,0.0125,0.0125,0.0125
23840,1520042400,60,0.0125,0.0126,0.0150
23840,1520046000,60,0.0125,0.0128,0.0150
23840,1520049600,60,0.0125,0.0125,0.0150
23840,1520053200,60,0.0125,0.0125,0.0150
23840,1520056800,60,0.0125,0.0125,0.0125
23840,1520060400,60,0.0125,0.0125,0.0125
23840,1520064000,60,0.0125,0.0125,0.0150
23840,1520067600,60,0.0125,0.0129,0.0175
23840,1520071200,60,0.0125,0.0125,0.0150
23840,1520074800,60,0.0125,0.0125,0.0150
23840,1520078400,60,0.0125,0.0126,0.0150
23840,1520082000,60,0.0125,0.0125,0.0125
23840,1520085600,60,0.0125,0.0125,0.0125
23840,1520089200,60,0.0125,0.0125,0.0125
23840,1520092800,60,0.0125,0.0126,0.0150
23840,1520096400,60,0.0125,0.0128,0.0150
23840,1520100000,60,0.0125,0.0125,0.0125
23840,1520103600,60,0.0125,0.0125,0.0150
23840,1520107200,60,0.0125,0.0125,0.0150
23840,1520110800,60,0.0125,0.0125,0.0125
23840,1520114400,60,0.0125,0.0125,0.0150
23840,1520118000,60,0.0125,0.0125,0.0150
23840,1520121600,60,0.0125,0.0125,0.0125
23840,1520125200,60,0.0125,0.0125,0.0150
23840,1520128800,60,0.0125,0.0127,0.0150
23840,1520132400,60,0.0125,0.0125,0.0125
23840,1520136000,60,0.0125,0.0126,0.0150
23840,1520139600,60,0.0125,0.0125,0.0125
23840,1520143200,60,0.0125,0.0126,0.0150
23840,1520146800,60,0.0125,0.0125,0.0150
23840,1520150400,60,0.0125,0.0126,0.0150
23840,1520154000,60,0.0125,0.0125,0.0125
23840,1520157600,60,0.0125,0.0125,0.0125
23840,1520161200,60,0.0125,0.0125,0.0125
23840,1520164800,60,0.0125,0.0125,0.0125
23840,1520168400,60,0.0125,0.0126,0.0150
23840,1520172000,60,0.0125,0.0131,0.0175
23840,1520175600,60,0.0125,0.0126,0.0150
23840,1520179200,60,0.0125,0.0125,0.0125
23840,1520182800,60,0.0125,0.0125,0.0125
23840,1520186400,60,0.0125,0.0125,0.0150
23840,1520190000,60,0.0125,0.0125,0.0150
23840,1520193600,60,0.0125,0.0126,0.0150
23840,1520197200,60,0.0125,0.0126,0.0150
23840,1520200800,60,0.0125,0.0125,0.0150
23840,1520204400,60,0.0125,0.0126,0.0150
23840,1520208000,60,0.0125,0.0127,0.0150
23840,1520211600,60,0.0125,0.0126,0.0150
23840,1520215200,60,0.0125,0.0125,0.0125
23840,1520218800,60,0.0125,0.0126,0.0150
23840,1520222400,60,0.0125,0.0126,0.0150
23840,1520226000,60,0.0125,0.0125,0.0125
23840,1520229600,60,0.0125,0.0125,0.0125
23840,1520233200,60,0.0125,0.0125,0.0125
23840,1520236800,60,0.0125,0.0125,0.0150
23840,1520240400,60,0.0125,0.0126,0.0150
23840,1520244000,60,0.0125,0.0125,0.0150
23840,1520247600,60,0.0125,0.0134,0.0200
23840,1520251200,60,0.0125,0.0127,0.0175
23840,1520254800,60,0.0125,0.0127,0.0150
23840,1520258400,60,0.0125,0.0125,0.0150
23840,1520262000,60,0.0125,0.0125,0.0125
23840,1520265600,60,0.0125,0.0125,0.0125
23840,1520269200,60,0.0125,0.0126,0.0150
23840,1520272800,60,0.0125,0.0126,0.0150
23840,1520276400,60,0.0125,0.0125,0.0150
23840,1520280000,60,0.0125,0.0125,0.0125
23840,1520283600,60,0.0125,0.0125,0.0125
23840,1520287200,60,0.0125,0.0126,0.0150
23840,1520290800,60,0.0125,0.0125,0.0125
23840,1520294400,60,0.0125,0.0125,0.0150
23840,1520298000,60,0.0125,0.0128,0.0175
23840,1520301600,60,0.0125,0.0125,0.0125
23840,1520305200,60,0.0125,0.0125,0.0150
23840,1520308800,60,0.0125,0.0125,0.0125
23840,1520312400,60,0.0125,0.0125,0.0125
23840,1520316000,60,0.0125,0.0125,0.0150
23840,1520319600,60,0.0125,0.0126,0.0150
23840,1520323200,60,0.0125,0.0127,0.0150
23840,1520326800,60,0.0125,0.0125,0.0150
23840,1520330400,60,0.0125,0.0126,0.0175
23840,1520334000,60,0.0125,0.0125,0.0125
23840,1520337600,60,0.0125,0.0125,0.0125
23840,1520341200,60,0.0125,0.0125,0.0125
23840,1520344800,60,0.0125,0.0127,0.0150
23840,1520348400,60,0.0125,0.0125,0.0150
23840,1520352000,60,0.0125,0.0125,0.0125
23840,1520355600,60,0.0125,0.0125,0.0125
23840,1520359200,60,0.0125,0.0125,0.0125
23840,1520362800,60,0.0125,0.0127,0.0175
23840,1520366400,60,0.0125,0.0126,0.0150
23840,1520370000,60,0.0125,0.0125,0.0125
23840,1520373600,60,0.0125,0.0137,0.0250
23840,1520377200,60,0.0125,0.0126,0.0150
23840,1520380800,60,0.0125,0.0125,0.0125
23840,1520384400,60,0.0125,0.0126,0.0150
23840,1520388000,60,0.0125,0.0125,0.0125
23840,1520391600,60,0.0125,0.0125,0.0125
23840,1520395200,60,0.0125,0.0127,0.0150
23840,1520398800,60,0.0125,0.0126,0.0150
23840,1520402400,60,0.0125,0.0127,0.0150
23840,1520406000,60,0.0125,0.0127,0.0150
23840,1520409600,60,0.0125,0.0125,0.0150
23840,1520413200,60,0.0125,0.0126,0.0150
23840,1520416800,60,0.0125,0.0125,0.0125
23840,1520420400,60,0.0125,0.0126,0.0150
23840,1520424000,60,0.0125,0.0125,0.0125
23840,1520427600,60,0.0125,0.0125,0.0150
23840,1520431200,60,0.0125,0.0126,0.0150
23840,1520434800,60,0.0125,0.0125,0.0150
23840,1520438400,60,0.0125,0.0126,0.0150
23840,1520442000,60,0.0125,0.0125,0.0150
23840,1520445600,60,0.0125,0.0127,0.0150
23840,1520449200,60,0.0125,0.0125,0.0125
23840,1520452800,60,0.0125,0.0125,0.0150
23840,1520456400,60,0.0125,0.0127,0.0175
23840,1520460000,60,0.0125,0.0125,0.0125
23840,1520463600,60,0.0125,0.0125,0.0125
23840,1520467200,60,0.0125,0.0125,0.0125
23840,1520470800,60,0.0125,0.0129,0.0175
23840,1520474400,60,0.0125,0.0126,0.0150
23840,1520478000,60,0.0125,0.0126,0.0150
23840,1520481600,60,0.0125,0.0126,0.0150
23840,1520485200,60,0.0125,0.0125,0.0125
23840,1520488800,60,0.0125,0.0125,0.0125
23840,1520492400,60,0.0125,0.0125,0.0150
23840,1520496000,60,0.0125,0.0126,0.0150
23840,1520499600,60,0.0125,0.0125,0.0125
23840,1520503200,60,0.0125,0.0125,0.0125
23840,1520506800,60,0.0125,0.0126,0.0150
23840,1520510400,60,0.0125,0.0125,0.0125
23840,1520514000,60,0.0125,0.0125,0.0150
23840,1520517600,60,0.0125,0.0127,0.0150
23840,1520521200,60,0.0125,0.0127,0.0175
23840,1520524800,60,0.0125,0.0126,0.0150
23840,1520528400,60,0.0125,0.0126,0.0150
23840,1520532000,60,0.0125,0.0126,0.0150
23840,1520535600,60,0.0125,0.0125,0.0125
23840,1520539200,60,0.0125,0.0127,0.0200
23840,1520542800,60,0.0125,0.0129,0.0200
23840,1520546400,60,0.0125,0.0125,0.0150
23840,1520550000,60,0.0125,0.0125,0.0125
23840,1520553600,60,0.0125,0.0125,0.0125
23840,1520557200,60,0.0125,0.0125,0.0150
23840,1520560800,60,0.0125,0.0126,0.0150
23840,1520564400,60,0.0125,0.0125,0.0150
23840,1520568000,60,0.0125,0.0130,0.0175
23840,1520571600,60,0.0125,0.0127,0.0150
23840,1520575200,60,0.0125,0.0125,0.0125
23840,1520578800,60,0.0125,0.0125,0.0150
23840,1520582400,60,0.0125,0.0125,0.0150
23840,1520586000,60,0.0125,0.0127,0.0175
23840,1520589600,60,0.0125,0.0132,0.0175
23840,1520593200,60,0.0125,0.0126,0.0150
23840,1520596800,60,0.0125,0.0130,0.0175
23840,1520600400,60,0.0125,0.0125,0.0150
23840,1520604000,60,0.0125,0.0125,0.0150
23840,1520607600,60,0.0125,0.0125,0.0150
23840,1520611200,60,0.0125,0.0127,0.0150
23840,1520614800,60,0.0125,0.0127,0.0150
23840,1520618400,60,0.0125,0.0125,0.0125
23840,1520622000,60,0.0125,0.0125,0.0125
23840,1520625600,60,0.0125,0.0125,0.0125
23840,1520629200,60,0.0125,0.0126,0.0150
23840,1520632800,60,0.0125,0.0125,0.0125
23840,1520636400,60,0.0125,0.0125,0.0125
23840,1520640000,60,0.0125,0.0126,0.0150
23840,1520643600,60,0.0125,0.0127,0.0150
23840,1520647200,60,0.0125,0.0125,0.0125
23840,1520650800,60,0.0125,0.0125,0.0150
23840,1520654400,60,0.0125,0.0125,0.0125
23840,1520658000,60,0.0125,0.0125,0.0125
23840,1520661600,60,0.0125,0.0126,0.0150
23840,1520665200,60,0.0125,0.0126,0.0150
23840,1520668800,60,0.0125,0.0127,0.0150
23840,1520672400,60,0.0125,0.0125,0.0125
23840,1520676000,60,0.0125,0.0125,0.0150
23840,1520679600,60,0.0125,0.0125,0.0125
23840,1520683200,60,0.0125,0.0126,0.0150
23840,1520686800,60,0.0125,0.0125,0.0125
23840,1520690400,60,0.0125,0.0125,0.0125
23840,1520694000,60,0.0125,0.0125,0.0150
23840,1520697600,60,0.0125,0.0125,0.0150
23840,1520701200,60,0.0125,0.0125,0.0125
23840,1520704800,60,0.0125,0.0125,0.0150
23840,1520708400,60,0.0125,0.0125,0.0125
23840,1520712000,60,0.0125,0.0125,0.0125
23840,1520715600,60,0.0125,0.0125,0.0150
23840,1520719200,60,0.0125,0.0125,0.0125
23840,1520722800,60,0.0125,0.0125,0.0150
23840,1520726400,60,0.0125,0.0125,0.0125
23840,1520730000,60,0.0125,0.0126,0.0150
23840,1520733600,60,0.0125,0.0125,0.0125
23840,1520737200,60,0.0125,0.0125,0.0150
23840,1520740800,60,0.0125,0.0127,0.0150
23840,1520744400,60,0.0125,0.0127,0.0150
23840,1520748000,60,0.0125,0.0129,0.0175
23840,1520751600,60,0.0125,0.0125,0.0150
23840,1520755200,60,0.0125,0.0125,0.0150
23840,1520758800,60,0.0125,0.0125,0.0125
23840,1520762400,60,0.0125,0.0125,0.0150
23840,1520766000,60,0.0125,0.0171,0.0350
23840,1520769600,60,0.0125,0.0130,0.0175
23840,1520773200,60,0.0125,0.0126,0.0150
23840,1520776800,60,0.0125,0.0125,0.0150
23840,1520780400,60,0.0125,0.0125,0.0125
23840,1520784000,60,0.0125,0.0125,0.0125
23840,1520787600,60,0.0125,0.0125,0.0125
23840,1520791200,60,0.0125,0.0125,0.0125
23840,1520794800,60,0.0125,0.0125,0.0125
23840,1520798400,60,0.0125,0.0125,0.0125
23840,1520802000,60,0.0125,0.0125,0.0125
23840,1520805600,60,0.0125,0.0125,0.0125
23840,1520809200,60,0.0125,0.0126,0.0150
23840,1520812800,60,0.0125,0.0126,0.0150
23840,1520816400,60,0.0125,0.0126,0.0150
23840,1520820000,60,0.0125,0.0125,0.0150
23840,1520823600,60,0.0125,0.0126,0.0150
23840,1520827200,60,0.0125,0.0127,0.0150
23840,1520830800,60,0.0125,0.0126,0.0150
23840,1520834400,60,0.0125,0.0125,0.0125
23840,1520838000,60,0.0125,0.0126,0.0150
23840,1520841600,60,0.0125,0.0129,0.0175
23840,1520845200,60,0.0125,0.0125,0.0125
23840,1520848800,60,0.0125,0.0126,0.0150
23840,1520852400,60,0.0125,0.0126,0.0150
23840,1520856000,60,0.0125,0.0125,0.0125
23840,1520859600,60,0.0125,0.0125,0.0150
23840,1520863200,60,0.0125,0.0125,0.0125
23840,1520866800,60,0.0125,0.0125,0.0150
23840,1520870400,60,0.0125,0.0125,0.0125
23840,1520874000,60,0.0125,0.0125,0.0125
23840,1520877600,60,0.0125,0.0126,0.0150
23840,1520881200,60,0.0125,0.0125,0.0125
23840,1520884800,60,0.0125,0.0125,0.0150
23840,1520888400,60,0.0125,0.0127,0.0150
23840,1520892000,60,0.0125,0.0125,0.0150
23840,1520895600,60,0.0125,0.0125,0.0150
23840,1520899200,60,0.0125,0.0127,0.0150
23840,1520902800,60,0.0125,0.0125,0.0125
23840,1520906400,60,0.0125,0.0125,0.0150
23840,1520910000,60,0.0125,0.0127,0.0150
23840,1520913600,60,0.0125,0.0125,0.0125
23840,1520917200,60,0.0125,0.0136,0.0225
23840,1520920800,60,0.0125,0.0125,0.0150
23840,1520924400,60,0.0125,0.0128,0.0175
23840,1520928000,60,0.0125,0.0125,0.0150
23840,1520931600,60,0.0125,0.0125,0.0150
23840,1520935200,60,0.0125,0.0127,0.0175
23840,1520938800,60,0.0125,0.0125,0.0150
23840,1520942400,60,0.0125,0.0125,0.0125
23840,1520946000,60,0.0125,0.0125,0.0125
23840,1520949600,60,0.0125,0.0127,0.0150
23840,1520953200,60,0.0125,0.0125,0.0125
23840,1520956800,60,0.0125,0.0126,0.0150
23840,1520960400,60,0.0125,0.0126,0.0150
23840,1520964000,60,0.0125,0.0125,0.0125
23840,1520967600,60,0.0125,0.0136,0.0225
23840,1520971200,60,0.0125,0.0125,0.0150
23840,1520974800,60,0.0125,0.0126,0.0150
23840,1520978400,60,0.0125,0.0125,0.0125
23840,1520982000,60,0.0125,0.0126,0.0150
23840,1520985600,60,0.0125,0.0125,0.0125
23840,1520989200,60,0.0125,0.0125,0.0150
23840,1520992800,60,0.0125,0.0125,0.0150
23840,1520996400,60,0.0125,0.0126,0.0150
23840,1521000000,60,0.0125,0.0125,0.0125
23840,1521003600,60,0.0125,0.0126,0.0150
23840,1521007200,60,0.0125,0.0125,0.0125
23840,1521010800,60,0.0125,0.0125,0.0125
23840,1521014400,60,0.0125,0.0126,0.0150
23840,1521018000,60,0.0125,0.0125,0.0125
23840,1521021600,60,0.0125,0.0125,0.0150
23840,1521025200,60,0.0125,0.0125,0.0125
23840,1521028800,60,0.0125,0.0125,0.0150
23840,1521032400,60,0.0125,0.0125,0.0150
23840,1521036000,60,0.0125,0.0126,0.0150
23840,1521039600,60,0.0125,0.0126,0.0150
23840,1521043200,60,0.0125,0.0126,0.0150
23840,1521046800,60,0.0125,0.0125,0.0125
23840,1521050400,60,0.0125,0.0125,0.0125
23840,1521054000,60,0.0125,0.0126,0.0150
23840,1521057600,60,0.0125,0.0127,0.0150
23840,1521061200,60,0.0125,0.0125,0.0125
23840,1521064800,60,0.0125,0.0125,0.0150
23840,1521068400,60,0.0125,0.0130,0.0200
23840,1521072000,60,0.0125,0.0125,0.0150
23840,1521075600,60,0.0125,0.0125,0.0150
23840,1521079200,60,0.0125,0.0125,0.0125
23840,1521082800,60,0.0125,0.0125,0.0150
23840,1521086400,60,0.0125,0.0125,0.0150
23840,1521090000,60,0.0125,0.0128,0.0175
23840,1521093600,60,0.0125,0.0125,0.0125
23840,1521097200,60,0.0125,0.0126,0.0150
23840,1521100800,60,0.0125,0.0131,0.0175
23840,1521104400,60,0.0125,0.0127,0.0150
23840,1521108000,60,0.0125,0.0126,0.0150
23840,1521111600,60,0.0125,0.0126,0.0150
23840,1521115200,60,0.0125,0.0127,0.0175
23840,1521118800,60,0.0125,0.0125,0.0125
23840,1521122400,60,0.0125,0.0125,0.0125
23840,1521126000,60,0.0125,0.0125,0.0150
23840,1521129600,60,0.0125,0.0125,0.0125
23840,1521133200,60,0.0125,0.0126,0.0150
23840,1521136800,60,0.0125,0.0125,0.0150
23840,1521140400,60,0.0125,0.0127,0.0150
23840,1521144000,60,0.0125,0.0125,0.0150
23840,1521147600,60,0.0125,0.0125,0.0125
23840,1521151200,60,0.0125,0.0127,0.0150
23840,1521154800,60,0.0125,0.0125,0.0150
23840,1521158400,60,0.0125,0.0125,0.0150
23840,1521162000,60,0.0125,0.0127,0.0150
23840,1521165600,60,0.0125,0.0129,0.0175
23840,1521169200,60,0.0125,0.0126,0.0150
23840,1521172800,60,0.0125,0.0125,0.0150
23840,1521176400,60,0.0125,0.0125,0.0125
23840,1521180000,60,0.0125,0.0125,0.0150
23840,1521183600,60,0.0125,0.0125,0.0150
23840,1521187200,60,0.0125,0.0127,0.0150
23840,1521190800,60,0.0125,0.0125,0.0150
23840,1521194400,60,0.0125,0.0126,0.0150
23840,1521198000,60,0.0125,0.0125,0.0125
23840,1521201600,60,0.0125,0.0125,0.0125
23840,1521205200,60,0.0125,0.0125,0.0125
23840,1521208800,60,0.0125,0.0127,0.0175
23840,1521212400,60,0.0125,0.0127,0.0175
23840,1521216000,60,0.0125,0.0127,0.0150
23840,1521219600,60,0.0125,0.0125,0.0125
23840,1521223200,60,0.0125,0.0125,0.0150
23840,1521226800,60,0.0125,0.0125,0.0125
23840,1521230400,60,0.0125,0.0125,0.0125
23840,1521234000,60,0.0125,0.0125,0.0125
23840,1521237600,60,0.0125,0.0130,0.0175
23840,1521241200,60,0.0125,0.0127,0.0175
23840,1521244800,60,0.0125,0.0125,0.0125
23840,1521248400,60,0.0125,0.0128,0.0150
23840,1521252000,60,0.0125,0.0125,0.0125
23840,1521255600,60,0.0125,0.0125,0.0125
23840,1521259200,60,0.0125,0.0127,0.0150
23840,1521262800,60,0.0125,0.0129,0.0200
23840,1521266400,60,0.0125,0.0126,0.0150
23840,1521270000,60,0.0125,0.0126,0.0150
23840,1521273600,60,0.0125,0.0125,0.0150
23840,1521277200,60,0.0125,0.0138,0.0275
23840,1521280800,60,0.0125,0.0130,0.0200
23840,1521284400,60,0.0125,0.0125,0.0125
23840,1521288000,60,0.0125,0.0126,0.0150
23840,1521291600,60,0.0125,0.0125,0.0125
23840,1521295200,60,0.0125,0.0125,0.0125
23840,1521298800,60,0.0125,0.0125,0.0125
23840,1521302400,60,0.0125,0.0125,0.0125
23840,1521306000,60,0.0125,0.0125,0.0150
23840,1521309600,60,0.0125,0.0125,0.0150
23840,1521313200,60,0.0125,0.0125,0.0150
23840,1521316800,60,0.0125,0.0126,0.0150
23840,1521320400,60,0.0125,0.0125,0.0125
23840,1521324000,60,0.0125,0.0125,0.0125
23840,1521327600,60,0.0125,0.0130,0.0175
23840,1521331200,60,0.0125,0.0127,0.0150
23840,1521334800,60,0.0125,0.0125,0.0125
23840,1521338400,60,0.0125,0.0125,0.0150
23840,1521342000,60,0.0125,0.0127,0.0150
23840,1521345600,60,0.0125,0.0127,0.0150
23840,1521349200,60,0.0125,0.0125,0.0125
23840,1521352800,60,0.0125,0.0125,0.0125
23840,1521356400,60,0.0125,0.0125,0.0125
23840,1521360000,60,0.0125,0.0125,0.0125
23840,1521363600,60,0.0125,0.0126,0.0150
23840,1521367200,60,0.0125,0.0125,0.0150
23840,1521370800,60,0.0125,0.0126,0.0150
23840,1521374400,60,0.0125,0.0126,0.0150
23840,1521378000,60,0.0125,0.0125,0.0125
23840,1521381600,60,0.0125,0.0125,0.0125
23840,1521385200,60,0.0125,0.0126,0.0150
23840,1521388800,60,0.0125,0.0126,0.0150
23840,1521392400,60,0.0125,0.0125,0.0150
23840,1521396000,60,0.0125,0.0125,0.0125
23840,1521399600,60,0.0125,0.0125,0.0125
23840,1521403200,60,0.0125,0.0126,0.0150
23840,1521406800,60,0.0125,0.0125,0.0125
23840,1521410400,60,0.0125,0.0125,0.0125
23840,1521414000,60,0.0125,0.0126,0.0150
23840,1521417600,60,0.0125,0.0125,0.0150
23840,1521421200,60,0.0125,0.0126,0.0150
23840,1521424800,60,0.0125,0.0125,0.0125
23840,1521428400,60,0.0125,0.0125,0.0150
23840,1521432000,60,0.0125,0.0125,0.0125
23840,1521435600,60,0.0125,0.0125,0.0125
23840,1521439200,60,0.0125,0.0126,0.0150
23840,1521442800,60,0.0125,0.0125,0.0125
23840,1521446400,60,0.0125,0.0125,0.0150
23840,1521450000,60,0.0125,0.0126,0.0150
23840,1521453600,60,0.0125,0.0126,0.0150
23840,1521457200,60,0.0125,0.0125,0.0125
23840,1521460800,60,0.0125,0.0125,0.0125
23840,1521464400,60,0.0125,0.0125,0.0125
23840,1521468000,60,0.0125,0.0125,0.0150
23840,1521471600,60,0.0125,0.0126,0.0150
23840,1521475200,60,0.0125,0.0125,0.0125
23840,1521478800,60,0.0125,0.0125,0.0125
23840,1521482400,60,0.0125,0.0125,0.0125
23840,1521486000,60,0.0125,0.0125,0.0125
23840,1521489600,60,0.0125,0.0127,0.0175
23840,1521493200,60,0.0125,0.0126,0.0150
23840,1521496800,60,0.0125,0.0125,0.0125
23840,1521500400,60,0.0125,0.0126,0.0150
23840,1521504000,60,0.0125,0.0126,0.0150
23840,1521507600,60,0.0125,0.0125,0.0125
23840,1521511200,60,0.0125,0.0125,0.0125
23840,1521514800,60,0.0125,0.0127,0.0150
23840,1521518400,60,0.0125,0.0125,0.0150
23840,1521522000,60,0.0125,0.0125,0.0150
23840,1521525600,60,0.0125,0.0125,0.0125
23840,1521529200,60,0.0125,0.0125,0.0150
23840,1521532800,60,0.0125,0.0125,0.0150
23840,1521536400,60,0.0125,0.0126,0.0150
23840,1521540000,60,0.0125,0.0125,0.0125
23840,1521543600,60,0.0125,0.0125,0.0150
23840,1521547200,60,0.0125,0.0125,0.0150
23840,1521550800,60,0.0125,0.0126,0.0150
23840,1521554400,60,0.0125,0.0127,0.0150
23840,1521558000,60,0.0125,0.0125,0.0125
23840,1521561600,60,0.0125,0.0132,0.0200
23840,1521565200,60,0.0125,0.0125,0.0125
23840,1521568800,60,0.0125,0.0126,0.0150
23840,1521572400,60,0.0125,0.0125,0.0125
23840,1521576000,60,0.0125,0.0126,0.0150
23840,1521579600,60,0.0125,0.0127,0.0150
23840,1521583200,60,0.0125,0.0125,0.0150
23840,1521586800,60,0.0125,0.0126,0.0150
23840,1521590400,60,0.0125,0.0125,0.0125
23840,1521594000,60,0.0125,0.0125,0.0150
23840,1521597600,60,0.0125,0.0125,0.0150
23840,1521601200,60,0.0125,0.0125,0.0125
23840,1521604800,60,0.0125,0.0126,0.0150
23840,1521608400,60,0.0125,0.0125,0.0125
23840,1521612000,60,0.0125,0.0125,0.0150
23840,1521615600,60,0.0125,0.0127,0.0150
23840,1521619200,60,0.0125,0.0125,0.0125
23840,1521622800,60,0.0125,0.0126,0.0150
23840,1521626400,60,0.0125,0.0125,0.0125
23840,1521630000,60,0.0125,0.0126,0.0150
23840,1521633600,60,0.0125,0.0128,0.0175
23840,1521637200,60,0.0125,0.0126,0.0150
23840,1521640800,60,0.0125,0.0125,0.0125
23840,1521644400,60,0.0125,0.0125,0.0125
23840,1521648000,60,0.0125,0.0125,0.0125
23840,1521651600,60,0.0125,0.0125,0.0150
23840,1521655200,60,0.0125,0.0126,0.0150
23840,1521658800,60,0.0125,0.0126,0.0150
23840,1521662400,60,0.0125,0.0125,0.0150
23840,1521666000,60,0.0125,0.0125,0.0125
23840,1521669600,60,0.0125,0.0125,0.0150
23840,1521673200,60,0.0125,0.0126,0.0150
23840,1521676800,60,0.0125,0.0125,0.0150
23840,1521680400,60,0.0125,0.0125,0.0150
23840,1521684000,60,0.0125,0.0125,0.0125
23840,1521687600,60,0.0125,0.0125,0.0150
23840,1521691200,60,0.0125,0.0125,0.0150
23840,1521694800,60,0.0125,0.0125,0.0125
23840,1521698400,60,0.0125,0.0126,0.0150
23840,1521702000,60,0.0125,0.0126,0.0150
23840,1521705600,60,0.0125,0.0125,0.0150
23840,1521709200,60,0.0125,0.0125,0.0150
23840,1521712800,60,0.0125,0.0125,0.0125
23840,1521716400,60,0.0125,0.0125,0.0125
23840,1521720000,60,0.0125,0.0125,0.0150
23840,1521723600,60,0.0125,0.0125,0.0125
23840,1521727200,60,0.0125,0.0126,0.0150
23840,1521730800,60,0.0125,0.0125,0.0125
23840,1521734400,60,0.0125,0.0125,0.0125
23840,1521738000,60,0.0125,0.0125,0.0125
23840,1521741600,60,0.0125,0.0125,0.0150
23840,1521745200,60,0.0125,0.0125,0.0125
23840,1521748800,60,0.0125,0.0125,0.0125
23840,1521752400,60,0.0125,0.0128,0.0175
23840,1521756000,60,0.0125,0.0125,0.0150
23840,1521759600,60,0.0125,0.0127,0.0150
23840,1521763200,60,0.0125,0.0125,0.0125
23840,1521766800,60,0.0125,0.0125,0.0125
23840,1521770400,60,0.0125,0.0127,0.0150
23840,1521774000,60,0.0125,0.0126,0.0150
23840,1521777600,60,0.0125,0.0127,0.0150
23840,1521781200,60,0.0125,0.0126,0.0150
23840,1521784800,60,0.0125,0.0125,0.0150
23840,1521788400,60,0.0125,0.0125,0.0125
23840,1521792000,60,0.0125,0.0125,0.0150
23840,1521795600,60,0.0125,0.0125,0.0125
23840,1521799200,60,0.0125,0.0126,0.0150
23840,1521802800,60,0.0125,0.0126,0.0150
23840,1521806400,60,0.0125,0.0125,0.0125
23840,1521810000,60,0.0125,0.0125,0.0125
23840,1521813600,60,0.0125,0.0125,0.0150
23840,1521817200,60,0.0125,0.0125,0.0125
23840,1521820800,60,0.0125,0.0125,0.0150
23840,1521824400,60,0.0125,0.0125,0.0125
23840,1521828000,60,0.0125,0.0125,0.0150
23840,1521831600,60,0.0125,0.0125,0.0125
23840,1521835200,60,0.0125,0.0125,0.0150
23840,1521838800,60,0.0125,0.0130,0.0175
23840,1521842400,60,0.0125,0.0125,0.0125
23840,1521846000,60,0.0125,0.0125,0.0125
23840,1521849600,60,0.0125,0.0125,0.0125
23840,1521853200,60,0.0125,0.0125,0.0150
23840,1521856800,60,0.0125,0.0126,0.0150
23840,1521860400,60,0.0125,0.0126,0.0150
23840,1521864000,60,0.0125,0.0125,0.0150
23840,1521867600,60,0.0125,0.0125,0.0150
23840,1521871200,60,0.0125,0.0130,0.0200
23840,1521874800,60,0.0125,0.0125,0.0125
23840,1521878400,60,0.0125,0.0125,0.0150
23840,1521882000,60,0.0125,0.0125,0.0125
23840,1521885600,60,0.0125,0.0129,0.0150
23840,1521889200,60,0.0125,0.0129,0.0175
23840,1521892800,60,0.0125,0.0125,0.0150
23840,1521896400,60,0.0125,0.0125,0.0150
23840,1521900000,60,0.0125,0.0125,0.0150
23840,1521903600,60,0.0125,0.0126,0.0150
23840,1521907200,60,0.0125,0.0125,0.0125
23840,1521910800,60,0.0125,0.0125,0.0150
23840,1521914400,60,0.0125,0.0126,0.0150
23840,1521918000,60,0.0125,0.0125,0.0150
23840,1521921600,60,0.0125,0.0128,0.0175
23840,1521925200,60,0.0125,0.0127,0.0150
23840,1521928800,60,0.0125,0.0126,0.0150
23840,1521932400,60,0.0125,0.0125,0.0150
23840,1521936000,60,0.0125,0.0127,0.0150
23840,1521939600,60,0.0125,0.0126,0.0150
23840,1521943200,60,0.0125,0.0125,0.0125
23840,1521946800,60,0.0125,0.0126,0.0150
23840,1521950400,60,0.0125,0.0126,0.0150
23840,1521954000,60,0.0125,0.0125,0.0125
23840,1521957600,60,0.0125,0.0125,0.0150
23840,1521961200,60,0.0125,0.0125,0.0150
23840,1521964800,60,0.0125,0.0127,0.0150
23840,1521968400,60,0.0125,0.0125,0.0125
23840,1521972000,60,0.0125,0.0150,0.0250
23840,1521975600,60,0.0125,0.0125,0.0125
23840,1521979200,60,0.0125,0.0125,0.0150
23840,1521982800,60,0.0125,0.0125,0.0150
23840,1521986400,60,0.0125,0.0125,0.0150
23840,1521990000,60,0.0125,0.0125,0.0150
23840,1521993600,60,0.0125,0.0132,0.0200
23840,1521997200,60,0.0125,0.0125,0.0125
23840,1522000800,60,0.0125,0.0125,0.0150
23840,1522004400,60,0.0125,0.0125,0.0150
23840,1522008000,60,0.0125,0.0127,0.0175
23840,1522011600,60,0.0125,0.0128,0.0175
23840,1522015200,60,0.0125,0.0125,0.0150
23840,1522018800,60,0.0125,0.0125,0.0150
23840,1522022400,60,0.0125,0.0125,0.0150
23840,1522026000,60,0.0125,0.0127,0.0150
23840,1522029600,60,0.0125,0.0127,0.0175
23840,1522033200,60,0.0125,0.0138,0.0225
23840,1522036800,60,0.0125,0.0125,0.0125
23840,1522040400,60,0.0125,0.0125,0.0125
23840,1522044000,60,0.0125,0.0126,0.0150
23840,1522047600,60,0.0125,0.0125,0.0125
23840,1522051200,60,0.0125,0.0125,0.0150
23840,1522054800,60,0.0125,0.0127,0.0150
23840,1522058400,60,0.0125,0.0126,0.0150
23840,1522062000,60,0.0125,0.0125,0.0125
23840,1522065600,60,0.0125,0.0125,0.0125
23840,1522069200,60,0.0125,0.0127,0.0175
23840,1522072800,60,0.0125,0.0125,0.0125
23840,1522076400,60,0.0125,0.0125,0.0125
23840,1522080000,60,0.0125,0.0125,0.0125
23840,1522083600,60,0.0125,0.0125,0.0125
23840,1522087200,60,0.0125,0.0130,0.0200
23840,1522090800,60,0.0125,0.0125,0.0125
23840,1522094400,60,0.0125,0.0125,0.0125
23840,1522098000,60,0.0125,0.0126,0.0150
23840,1522101600,60,0.0125,0.0125,0.0125
23840,1522105200,60,0.0125,0.0126,0.0150
23840,1522108800,60,0.0125,0.0126,0.0150
23840,1522112400,60,0.0125,0.0127,0.0150
23840,1522116000,60,0.0125,0.0126,0.0150
23840,1522119600,60,0.0125,0.0126,0.0150
23840,1522123200,60,0.0125,0.0125,0.0125
23840,1522126800,60,0.0125,0.0126,0.0150
23840,1522130400,60,0.0125,0.0125,0.0125
23840,1522134000,60,0.0125,0.0127,0.0150
23840,1522137600,60,0.0125,0.0125,0.0150
23840,1522141200,60,0.0125,0.0125,0.0125
23840,1522144800,60,0.0125,0.0125,0.0150
23840,1522148400,60,0.0125,0.0125,0.0125
23840,1522152000,60,0.0125,0.0127,0.0150
23840,1522155600,60,0.0125,0.0125,0.0150
23840,1522159200,60,0.0125,0.0125,0.0125
23840,1522162800,60,0.0125,0.0132,0.0225
23840,1522166400,60,0.0125,0.0125,0.0125
23840,1522170000,60,0.0125,0.0125,0.0150
23840,1522173600,60,0.0125,0.0125,0.0125
23840,1522177200,60,0.0125,0.0125,0.0125
23840,1522180800,60,0.0125,0.0125,0.0125
23840,1522184400,60,0.0125,0.0127,0.0175
23840,1522188000,60,0.0125,0.0134,0.0225
23840,1522191600,60,0.0125,0.0125,0.0125
23840,1522195200,60,0.0125,0.0125,0.0125
23840,1522198800,60,0.0125,0.0125,0.0125
23840,1522202400,60,0.0125,0.0125,0.0150
23840,1522206000,60,0.0125,0.0126,0.0150
23840,1522209600,60,0.0125,0.0125,0.0125
23840,1522213200,60,0.0125,0.0125,0.0125
23840,1522216800,60,0.0125,0.0125,0.0125
23840,1522220400,60,0.0125,0.0125,0.0125
23840,1522224000,60,0.0125,0.0125,0.0150
23840,1522227600,60,0.0125,0.0126,0.0150
23840,1522231200,60,0.0125,0.0125,0.0125
23840,1522234800,60,0.0125,0.0127,0.0175
23840,1522238400,60,0.0125,0.0126,0.0150
23840,1522242000,60,0.0125,0.0126,0.0150
23840,1522245600,60,0.0125,0.0125,0.0150
23840,1522249200,60,0.0125,0.0126,0.0150
23840,1522252800,60,0.0125,0.0125,0.0125
23840,1522256400,60,0.0125,0.0125,0.0125
23840,1522260000,60,0.0125,0.0125,0.0150
23840,1522263600,60,0.0125,0.0126,0.0150
23840,1522267200,60,0.0125,0.0135,0.0225
23840,1522270800,60,0.0125,0.0126,0.0150
23840,1522274400,60,0.0125,0.0125,0.0125
23840,1522278000,60,0.0125,0.0125,0.0150
23840,1522281600,60,0.0125,0.0125,0.0150
23840,1522285200,60,0.0125,0.0126,0.0150
23840,1522288800,60,0.0125,0.0125,0.0150
23840,1522292400,60,0.0125,0.0126,0.0150
23840,1522296000,60,0.0125,0.0125,0.0125
23840,1522299600,60,0.0125,0.0125,0.0125
23840,1522303200,60,0.0125,0.0130,0.0200
23840,1522306800,60,0.0125,0.0126,0.0150
23840,1522310400,60,0.0125,0.0126,0.0150
23840,1522314000,60,0.0125,0.0125,0.0125
23840,1522317600,60,0.0125,0.0125,0.0150
23840,1522321200,60,0.0125,0.0125,0.0125
23840,1522324800,60,0.0125,0.0125,0.0150
23840,1522328400,60,0.0125,0.0126,0.0150
23840,1522332000,60,0.0125,0.0125,0.0125
23840,1522335600,60,0.0125,0.0127,0.0150
23840,1522339200,60,0.0125,0.0126,0.0150
23840,1522342800,60,0.0125,0.0125,0.0150
23840,1522346400,60,0.0125,0.0125,0.0125
23840,1522350000,60,0.0125,0.0125,0.0150
23840,1522353600,60,0.0125,0.0125,0.0150
23840,1522357200,60,0.0125,0.0125,0.0150
23840,1522360800,60,0.0125,0.0126,0.0150
23840,1522364400,60,0.0125,0.0125,0.0125
23840,1522368000,60,0.0125,0.0125,0.0125
23840,1522371600,60,0.0125,0.0125,0.0150
23840,1522375200,60,0.0125,0.0125,0.0125
23840,1522378800,60,0.0125,0.0125,0.0125
23840,1522382400,60,0.0125,0.0126,0.0150
23840,1522386000,60,0.0125,0.0125,0.0150
23840,1522389600,60,0.0125,0.0125,0.0150
23840,1522393200,60,0.0125,0.0127,0.0175
23840,1522396800,60,0.0125,0.0125,0.0125
23840,1522400400,60,0.0125,0.0126,0.0150
23840,1522404000,60,0.0125,0.0127,0.0175
23840,1522407600,60,0.0125,0.0125,0.0125
23840,1522411200,60,0.0125,0.0130,0.0200
23840,1522414800,60,0.0125,0.0126,0.0175
23840,1522418400,60,0.0125,0.0127,0.0150
23840,1522422000,60,0.0125,0.0125,0.0125
23840,1522425600,60,0.0125,0.0126,0.0150
23840,1522429200,60,0.0125,0.0126,0.0150
23840,1522432800,60,0.0125,0.0125,0.0150
23840,1522436400,60,0.0125,0.0125,0.0150
23840,1522440000,60,0.0125,0.0126,0.0150
23840,1522443600,60,0.0125,0.0125,0.0150
23840,1522447200,60,0.0125,0.0125,0.0125
23840,1522450800,60,0.0125,0.0127,0.0150
23840,1522454400,60,0.0125,0.0125,0.0150
23840,1522458000,60,0.0125,0.0125,0.0125
23840,1522461600,60,0.0125,0.0125,0.0125
23840,1522465200,60,0.0125,0.0126,0.0150
23840,1522468800,60,0.0125,0.0128,0.0175
23840,1522472400,60,0.0125,0.0128,0.0175
23840,1522476000,60,0.0125,0.0125,0.0125
23840,1522479600,60,0.0125,0.0125,0.0150
23840,1522483200,60,0.0125,0.0126,0.0150
23840,1522486800,60,0.0125,0.0125,0.0150
23840,1522490400,60,0.0125,0.0127,0.0175
23840,1522494000,60,0.0125,0.0126,0.0150
23840,1522497600,60,0.0125,0.0125,0.0150
23840,1522501200,60,0.0125,0.0126,0.0150
23840,1522504800,60,0.0125,0.0126,0.0150
23840,1522508400,60,0.0125,0.0127,0.0150
23840,1522512000,60,0.0125,0.0131,0.0175
23840,1522515600,60,0.0125,0.0125,0.0125
23840,1522519200,60,0.0125,0.0125,0.0125
23840,1522522800,60,0.0125,0.0126,0.0175
23840,1522526400,60,0.0125,0.0129,0.0175
23840,1522530000,60,0.0125,0.0125,0.0150
23840,1522533600,60,0.0125,0.0132,0.0200
23840,1522537200,60,0.0125,0.0127,0.0175
23840,1522540800,60,0.0125,0.0125,0.0150
23840,1522544400,60,0.0125,0.0125,0.0150
23840,1522548000,60,0.0125,0.0125,0.0150
23840,1522551600,60,0.0125,0.0125,0.0125
23840,1522555200,60,0.0125,0.0125,0.0125
23840,1522558800,60,0.0125,0.0128,0.0175
23840,1522562400,60,0.0125,0.0127,0.0150
23840,1522566000,60,0.0125,0.0126,0.0150
23840,1522569600,60,0.0125,0.0125,0.0150
23840,1522573200,60,0.0125,0.0126,0.0150
23840,1522576800,60,0.0125,0.0126,0.0150
23840,1522580400,60,0.0125,0.0127,0.0150
23840,1522584000,60,0.0125,0.0127,0.0150
23840,1522587600,60,0.0125,0.0129,0.0175
23840,1522591200,60,0.0125,0.0126,0.0150
23840,1522594800,60,0.0125,0.0126,0.0150
23840,1522598400,60,0.0125,0.0125,0.0150
23840,1522602000,60,0.0125,0.0125,0.0125
23840,1522605600,60,0.0125,0.0126,0.0150
23840,1522609200,60,0.0125,0.0126,0.0150
23840,1522612800,60,0.0125,0.0131,0.0200
23840,1522616400,60,0.0125,0.0125,0.0125
23840,1522620000,60,0.0125,0.0125,0.0150
23840,1522623600,60,0.0125,0.0125,0.0125
23840,1522627200,60,0.0125,0.0127,0.0150
23840,1522630800,60,0.0125,0.0126,0.0150
23840,1522634400,60,0.0125,0.0126,0.0150
23840,1522638000,60,0.0125,0.0126,0.0150
23840,1522641600,60,0.0125,0.0125,0.0150
23840,1522645200,60,0.0125,0.0125,0.0150
23840,1522648800,60,0.0125,0.0129,0.0175
23840,1522652400,60,0.0125,0.0125,0.0150
23840,1522656000,60,0.0125,0.0125,0.0125
23840,1522659600,60,0.0125,0.0126,0.0150
23840,1522663200,60,0.0125,0.0125,0.0150
23840,1522666800,60,0.0125,0.0127,0.0150
23840,1522670400,60,0.0125,0.0126,0.0150
23840,1522674000,60,0.0125,0.0126,0.0150
23840,1522677600,60,0.0125,0.0126,0.0150
23840,1522681200,60,0.0125,0.0125,0.0125
23840,1522684800,60,0.0125,0.0128,0.0175
23840,1522688400,60,0.0125,0.0130,0.0175
23840,1522692000,60,0.0125,0.0125,0.0125
23840,1522695600,60,0.0125,0.0130,0.0175
23840,1522699200,60,0.0125,0.0127,0.0150
23840,1522702800,60,0.0125,0.0125,0.0150
23840,1522706400,60,0.0125,0.0125,0.0125
23840,1522710000,60,0.0125,0.0125,0.0150
23840,1522713600,60,0.0125,0.0128,0.0175
23840,1522717200,60,0.0125,0.0127,0.0175
23840,1522720800,60,0.0125,0.0125,0.0150
23840,1522724400,60,0.0125,0.0125,0.0125
23840,1522728000,60,0.0125,0.0127,0.0225
23840,1522731600,60,0.0125,0.0135,0.0225
23840,1522735200,59,0.0125,0.0125,0.0150
23840,1522738800,60,0.0125,0.0127,0.0175
23840,1522742400,60,0.0125,0.0125,0.0150
23840,1522746000,60,0.0125,0.0127,0.0175
23840,1522749600,60,0.0125,0.0127,0.0175
23840,1522753200,60,0.0125,0.0125,0.0150
23840,1522756800,60,0.0125,0.0130,0.0200
23840,1522760400,60,0.0125,0.0126,0.0150
23840,1522764000,60,0.0125,0.0127,0.0150
23840,1522767600,60,0.0125,0.0125,0.0125
23840,1522771200,60,0.0125,0.0127,0.0150
23840,1522774800,60,0.0125,0.0125,0.0150
23840,1522778400,60,0.0125,0.0126,0.0150
23840,1522782000,60,0.0125,0.0125,0.0125
23840,1522785600,60,0.0125,0.0125,0.0125
23840,1522789200,60,0.0125,0.0130,0.0175
23840,1522792800,60,0.0125,0.0125,0.0125
23840,1522796400,60,0.0125,0.0125,0.0125
23840,1522800000,60,0.0125,0.0125,0.0150
23840,1522803600,60,0.0125,0.0126,0.0150
23840,1522807200,60,0.0125,0.0125,0.0125
23840,1522810800,60,0.0125,0.0132,0.0200
23840,1522814400,60,0.0125,0.0127,0.0150
23840,1522818000,60,0.0125,0.0127,0.0150
23840,1522821600,60,0.0125,0.0126,0.0150
23840,1522825200,60,0.0125,0.0126,0.0150
23840,1522828800,60,0.0125,0.0125,0.0150
23840,1522832400,60,0.0125,0.0125,0.0125
23840,1522836000,60,0.0125,0.0125,0.0150
23840,1522839600,60,0.0125,0.0126,0.0150
23840,1522843200,60,0.0125,0.0126,0.0150
23840,1522846800,60,0.0125,0.0125,0.0125
23840,1522850400,60,0.0125,0.0125,0.0150
23840,1522854000,60,0.0125,0.0125,0.0125
23840,1522857600,60,0.0125,0.0125,0.0125
23840,1522861200,60,0.0125,0.0127,0.0150
23840,1522864800,60,0.0125,0.0125,0.0125
23840,1522868400,60,0.0125,0.0125,0.0125
23840,1522872000,60,0.0125,0.0125,0.0125
23840,1522875600,60,0.0125,0.0127,0.0150
23840,1522879200,60,0.0125,0.0125,0.0125
23840,1522882800,60,0.0125,0.0127,0.0150
23840,1522886400,60,0.0125,0.0127,0.0150
23840,1522890000,60,0.0125,0.0125,0.0125
23840,1522893600,60,0.0125,0.0125,0.0125
23840,1522897200,60,0.0125,0.0126,0.0150
23840,1522900800,60,0.0125,0.0125,0.0125
23840,1522904400,60,0.0125,0.0125,0.0150
23840,1522908000,60,0.0125,0.0125,0.0150
23840,1522911600,60,0.0125,0.0126,0.0150
23840,1522915200,60,0.0125,0.0126,0.0150
23840,1522918800,37,0.0125,0.0127,0.0150
23840,1522922400,10,0.0125,0.0125,0.0125
23840,1522926000,60,0.0125,0.0127,0.0175
23840,1522929600,60,0.0125,0.0125,0.0150
23840,1522933200,60,0.0125,0.0125,0.0125
23840,1522936800,60,0.0125,0.0125,0.0125
23840,1522940400,60,0.0125,0.0125,0.0150
23840,1522944000,60,0.0125,0.0125,0.0150
23840,1522947600,60,0.0125,0.0125,0.0125
23840,1522951200,60,0.0125,0.0125,0.0150
23840,1522954800,60,0.0125,0.0125,0.0125
23840,1522958400,60,0.0125,0.0125,0.0125
23840,1522962000,60,0.0125,0.0128,0.0200
23840,1522965600,60,0.0125,0.0135,0.0225
23840,1522969200,60,0.0125,0.0125,0.0125
23840,1522972800,60,0.0125,0.0126,0.0150
23840,1522976400,60,0.0125,0.0126,0.0150
23840,1522980000,60,0.0125,0.0125,0.0125
23840,1522983600,60,0.0125,0.0127,0.0150
23840,1522987200,60,0.0125,0.0127,0.0150
23840,1522990800,60,0.0125,0.0126,0.0150
23840,1522994400,60,0.0125,0.0125,0.0125
23840,1522998000,60,0.0125,0.0125,0.0125
23840,1523001600,60,0.0125,0.0125,0.0125
23840,1523005200,60,0.0125,0.0127,0.0150
23840,1523008800,60,0.0125,0.0125,0.0125
23840,1523012400,60,0.0125,0.0127,0.0150
23840,1523016000,60,0.0125,0.0126,0.0150
23840,1523019600,60,0.0125,0.0125,0.0125
23840,1523023200,60,0.0125,0.0125,0.0150
23840,1523026800,60,0.0125,0.0125,0.0125
23840,1523030400,60,0.0125,0.0125,0.0125
23840,1523034000,60,0.0125,0.0125,0.0125
23840,1523037600,60,0.0125,0.0125,0.0150
23840,1523041200,60,0.0125,0.0125,0.0125
23840,1523044800,60,0.0125,0.0125,0.0125
23840,1523048400,60,0.0125,0.0125,0.0125
23840,1523052000,60,0.0125,0.0126,0.0150
23840,1523055600,60,0.0125,0.0126,0.0150
23840,1523059200,60,0.0125,0.0127,0.0150
23840,1523062800,60,0.0125,0.0125,0.0150
23840,1523066400,60,0.0125,0.0125,0.0125
23840,1523070000,60,0.0125,0.0125,0.0125
23840,1523073600,60,0.0125,0.0125,0.0150
23840,1523077200,60,0.0125,0.0125,0.0150
23840,1523080800,60,0.0125,0.0126,0.0150
23840,1523084400,60,0.0125,0.0125,0.0150
23840,1523088000,60,0.0125,0.0126,0.0150
23840,1523091600,60,0.0125,0.0125,0.0150
23840,1523095200,60,0.0125,0.0125,0.0150
23840,1523098800,60,0.0125,0.0125,0.0150
23840,1523102400,60,0.0125,0.0125,0.0150
23840,1523106000,60,0.0125,0.0125,0.0125
23840,1523109600,60,0.0125,0.0127,0.0150
23840,1523113200,60,0.0125,0.0125,0.0125
23840,1523116800,60,0.0125,0.0125,0.0150
23840,1523120400,60,0.0125,0.0125,0.0125
23840,1523124000,60,0.0125,0.0125,0.0125
23840,1523127600,60,0.0125,0.0125,0.0125
23840,1523131200,60,0.0125,0.0125,0.0125
23840,1523134800,60,0.0125,0.0125,0.0125
23840,1523138400,60,0.0125,0.0127,0.0175
23840,1523142000,60,0.0125,0.0125,0.0125
23840,1523145600,60,0.0125,0.0125,0.0150
23840,1523149200,60,0.0125,0.0125,0.0125
23840,1523152800,60,0.0125,0.0127,0.0150
23840,1523156400,60,0.0125,0.0125,0.0150
23840,1523160000,60,0.0125,0.0125,0.0125
23840,1523163600,60,0.0125,0.0125,0.0125
23840,1523167200,60,0.0125,0.0125,0.0150
23840,1523170800,60,0.0125,0.0125,0.0150
23840,1523174400,60,0.0125,0.0126,0.0150
23840,1523178000,60,0.0125,0.0125,0.0125
23840,1523181600,60,0.0125,0.0125,0.0150
23840,1523185200,60,0.0125,0.0125,0.0125
23840,1523188800,60,0.0125,0.0125,0.0125
23840,1523192400,60,0.0125,0.0127,0.0150
23840,1523196000,60,0.0125,0.0125,0.0150
23840,1523199600,60,0.0125,0.0125,0.0125
23840,1523203200,60,0.0125,0.0125,0.0150
23840,1523206800,60,0.0125,0.0127,0.0150
23840,1523210400,60,0.0125,0.0126,0.0150
23840,1523214000,60,0.0125,0.0126,0.0150
23840,1523217600,60,0.0125,0.0125,0.0150
23840,1523221200,60,0.0125,0.0125,0.0125
23840,1523224800,60,0.0125,0.0125,0.0125
23840,1523228400,60,0.0125,0.0125,0.0150
23840,1523232000,60,0.0125,0.0126,0.0150
23840,1523235600,60,0.0125,0.0132,0.0175
23840,1523239200,60,0.0125,0.0125,0.0125
23840,1523242800,60,0.0125,0.0126,0.0150
23840,1523246400,60,0.0125,0.0125,0.0125
23840,1523250000,60,0.0125,0.0125,0.0125
23840,1523253600,60,0.0125,0.0125,0.0125
23840,1523257200,60,0.0125,0.0125,0.0150
23840,1523260800,60,0.0125,0.0130,0.0175
23840,1523264400,60,0.0125,0.0125,0.0125
23840,1523268000,60,0.0125,0.0125,0.0150
23840,1523271600,60,0.0125,0.0125,0.0125
23840,1523275200,60,0.0125,0.0125,0.0125
23840,1523278800,60,0.0125,0.0125,0.0125
23840,1523282400,60,0.0125,0.0127,0.0150
23840,1523286000,60,0.0125,0.0129,0.0175
23840,1523289600,60,0.0125,0.0127,0.0150
23840,1523293200,60,0.0125,0.0125,0.0125
23840,1523296800,60,0.0125,0.0126,0.0150
23840,1523300400,60,0.0125,0.0126,0.0150
23840,1523304000,60,0.0125,0.0125,0.0125
23840,1523307600,60,0.0125,0.0125,0.0125
23840,1523311200,60,0.0125,0.0127,0.0150
23840,1523314800,60,0.0125,0.0130,0.0175
23840,1523318400,60,0.0125,0.0127,0.0175
23840,1523322000,60,0.0125,0.0125,0.0125
23840,1523325600,60,0.0125,0.0126,0.0150
23840,1523329200,60,0.0125,0.0127,0.0175
23840,1523332800,60,0.0125,0.0125,0.0125
23840,1523336400,60,0.0125,0.0127,0.0150
23840,1523340000,60,0.0125,0.0128,0.0175
23840,1523343600,60,0.0125,0.0125,0.0125
23840,1523347200,37,0.0125,0.0125,0.0125
23840,1523350800,12,0.0125,0.0125,0.0125
23840,1523354400,38,0.0125,0.0126,0.0150
23840,1523358000,60,0.0125,0.0125,0.0125
23840,1523361600,60,0.0125,0.0125,0.0125
23840,1523365200,60,0.0125,0.0125,0.0125
23840,1523368800,60,0.0125,0.0125,0.0150
23840,1523372400,60,0.0125,0.0125,0.0150
23840,1523376000,60,0.0125,0.0125,0.0125
